Title,Year,Director,Cast,Genre,Format,Plot
"300",2006,"Zack Snyder","Gerard Butler, Lena Headey, Dominic West","Action Drama War","DVD","King Leonidas of Sparta and a force of 300 men fight the Persians at Thermopylae in 480 B.C."
"Amadeus",1984,"Milos Forman","F. Murray Abraham, Tom Hulce, Elizabeth Berridge","Biography Drama Music","DVD","The life, success and troubles of Wolfgang Amadeus Mozart, as told by Antonio Salieri, the contemporary composer who was insanely jealous of Mozart's talent and claimed to have murdered him."
"American Gangster",2007,"Ridley Scott","Russell Crowe, Denzel Washington, Chiwetel Ejiofor","Biography Crime Drama","DVD","An outcast New York City cop is charged with bringing down Harlem drug lord Frank Lucas, whose real life inspired this partly biographical film."
"American Sniper",2014,"Clint Eastwood","Bradley Cooper, Sienna Miller, Kyle Gallner","Biography Drama War","Blu-ray","Navy S.E.A.L. sniper Chris Kyle's pinpoint accuracy saves countless lives on the battlefield and turns him into a legend."
"Amityville Horror",1979,"Stuart Rosenberg","James Brolin, Margot Kidder, Rod Steiger","Horror","DVD","Newlyweds are terrorized by demonic forces after moving into a large house that was the site of a grisly mass murder a year before."
"Anatomy",2000,"Stefan Ruzowitzky","Franka Potente, Benno Fürmann, Anna Loos","Horror Thriller","DVD","Medical students begin to explore the realm of near death experiences, hoping for insights. Each has their own reasons for experimenting with death."
"Audrey Hepburn 7 Movie Collection",1953,"Various","Audrey Hepburn, Gregory Peck, Cary Grant","Comedy Drama Romance","DVD","Collection including Breakfast at Tiffany's, Funny Face, My Fair Lady, Paris When It Sizzles, Roman Holiday, Sabrina, War and Peace."
"Back to the Future 30th Anniversary Trilogy",1985,"Robert Zemeckis","Michael J. Fox, Christopher Lloyd, Lea Thompson","Adventure Comedy Sci-Fi","DVD","A teenager is accidentally sent 30 years into the past in a time-traveling DeLorean invented by his eccentric scientist friend."
"Black Dahlia",2006,"Brian De Palma","Josh Hartnett, Scarlett Johansson, Aaron Eckhart","Crime Drama Mystery","DVD","Two policemen see their personal and professional lives fall apart in the wake of the Black Dahlia Elizabeth Short murder investigation."
"Black Mass",2015,"Scott Cooper","Johnny Depp, Benedict Cumberbatch, Dakota Johnson","Biography Crime Drama","DVD","The true story of Whitey Bulger, the brother of a state senator and the most infamous violent criminal in the history of South Boston."
"Black Sails Complete Second Season",2015,"Various","Toby Stephens, Hannah New, Luke Arnold","Adventure Drama","DVD","Prequel to Treasure Island. Pirate Captain Flint and his men fight for the survival of New Providence Island against British Imperial forces."
"Blade Trinity",2004,"David S. Goyer","Wesley Snipes, Kris Kristofferson, Jessica Biel","Action Horror Sci-Fi","DVD","Blade, now a wanted man by the FBI, must join forces with the Nightstalkers to face his most challenging enemy yet: Dracula."
"Bourne Identity",2002,"Doug Liman","Matt Damon, Franka Potente, Chris Cooper","Action Mystery Thriller","DVD","A man is picked up by a fishing boat, bullet-riddled and suffering from amnesia, before racing to elude assassins and attempting to regain his memory."
"Bourne Supremacy",2004,"Paul Greengrass","Matt Damon, Franka Potente, Joan Allen","Action Mystery Thriller","DVD","When Jason Bourne is framed for a CIA operation, he is forced to resume his former life as a trained assassin to survive."
"Bourne Ultimatum",2007,"Paul Greengrass","Matt Damon, Julia Stiles, David Strathairn","Action Mystery Thriller","DVD","Jason Bourne dodges a ruthless C.I.A. official and his agents from a new assassination program while searching for the origins of his life as a trained killer."
"Box",2009,"Richard Kelly","Cameron Diaz, James Marsden, Frank Langella","Drama Mystery Thriller","DVD","With the press of a button, a wooden box bestows riches and death."
"Braveheart",1995,"Mel Gibson","Mel Gibson, Sophie Marceau, Patrick McGoohan","Biography Drama History","DVD","Scottish warrior William Wallace leads his countrymen in a rebellion to free his homeland from the tyranny of King Edward I of England."
"Brothers Grimm",2005,"Terry Gilliam","Matt Damon, Heath Ledger, Lena Headey","Adventure Comedy Fantasy","Blu-ray","The brothers Wilhelm and Jacob Grimm are traveling con-artists who encounter a genuine fairy-tale curse which calls for genuine courage instead of their usual bogus exorcisms."
"Bug",2006,"William Friedkin","Ashley Judd, Michael Shannon, Harry Connick Jr.","Drama Horror Thriller","DVD","An unhinged war veteran holes up with a lonely woman in a spooky Oklahoma motel room. The line between reality and delusion is blurred."
"Candyman",1992,"Bernard Rose","Virginia Madsen, Tony Todd, Xander Berkeley","Horror Thriller","DVD","A graduate student researching urban legends becomes the subject of study when she encounters the Candyman, a vengeful spirit with a hook for a hand."
"Carrie",1976,"Brian De Palma","Sissy Spacek, Piper Laurie, Amy Irving","Drama Horror Thriller","DVD","Carrie White, a shy, friendless teenage girl who is sheltered by her domineering, religious mother, unleashes her telekinetic powers."
"Carrie",2013,"Kimberly Peirce","Chloë Grace Moretz, Julianne Moore, Gabriella Wilde","Drama Horror Thriller","Blu-ray","A reimagining of the classic horror tale about Carrie White, a shy girl outcast by her peers and sheltered by her deeply religious mother."
"Children of Dune",2003,"Greg Yaitanes","Alec Newman, James McAvoy, Jessica Brooks","Drama Adventure Sci-Fi","DVD","The twins of Paul Muad'dib Atreides become embroiled in the political landscape of Arrakis and the rest of the universe."
"Chronicles of Narnia BBC Full Series",1988,"Marilyn Fox","Barbara Kellerman, Tom Baker, Jeffrey Perry","Adventure Family Fantasy","DVD","BBC adaptation of C.S. Lewis's fantasy series about children who discover a magical world through a wardrobe."
"Conjuring",2013,"James Wan","Vera Farmiga, Patrick Wilson, Lili Taylor","Horror Mystery Thriller","Blu-ray","Paranormal investigators Ed and Lorraine Warren work to help a family terrorized by a dark presence in their farmhouse."
"Conjuring 2",2016,"James Wan","Vera Farmiga, Patrick Wilson, Madison Wolfe","Horror Mystery Thriller","Blu-ray","Ed and Lorraine Warren travel to north London to help a single mother raising four children alone in a house plagued by a supernatural spirit."
"Corpse Bride",2005,"Tim Burton","Johnny Depp, Helena Bonham Carter, Emily Watson","Animation Family Fantasy","DVD","When a shy groom practices his wedding vows in the inadvertent presence of a deceased young woman, she rises from the grave assuming he has married her."
"Crow",1994,"Alex Proyas","Brandon Lee, Rochelle Davis, Ernie Hudson","Action Thriller Fantasy","DVD","A man brutally murdered comes back to life as an undead avenger of his and his fiancée's murder."
"Cry Wolf",2005,"Jeff Wadlow","Julian Morris, Lindy Booth, Jared Padalecki","Drama Horror Mystery","DVD","Eight unsuspecting high school seniors at a posh boarding school face terror and learn that nobody believes a liar."
"Curse of King Tut's Tomb",2006,"Russell Mulcahy","Casper Van Dien, Leonor Varela, Jonathan Hyde","Adventure Fantasy Horror","DVD","Thousands of years ago, the great Child King Tutankhamen ruled. Few know the details of his life."
"Darkest Night",2012,"Nana Obiri-Yeboah","DJ Perry, Anne Sorce, Brent Hearn","Horror Thriller","DVD","A family gathers for a happy reunion and marriage announcement on Christmas Day only to encounter bizarre, demonic events."
"Darkest Night 2",2014,"Nana Obiri-Yeboah","DJ Perry, Anne Sorce, Bobby Reed","Horror Thriller","DVD","The sequel continues the supernatural horror story from the first film."
"Darkest Night 3",2015,"Nana Obiri-Yeboah","DJ Perry, Anne Sorce","Horror Thriller","DVD","The third installment in the Darkest Night horror series."
"Dark Water",2005,"Walter Salles","Jennifer Connelly, Ariel Gade, John C. Reilly","Drama Horror Mystery","DVD","A mother and daughter move into a new apartment and are terrorized by the spirit of a missing girl."
"Dead Silence",2007,"James Wan","Ryan Kwanten, Amber Valletta, Donnie Wahlberg","Horror Mystery Thriller","DVD","A widower returns to his hometown to search for answers to his wife's murder, which may be linked to the ghost of a murdered ventriloquist."
"Death Trap",1982,"Sidney Lumet","Michael Caine, Christopher Reeve, Dyan Cannon","Comedy Crime Drama","DVD","A struggling playwright is willing to kill for a hit play, literally."
"Denzel Washington Triple Feature",1989,"Various","Denzel Washington, Jodie Foster, Kevin Kline","Action Drama Thriller","DVD","Collection including For Queen and Country, The Mighty Quinn, Out of Time."
"Distorted",2018,"Rob W. King","Christina Ricci, John Cusack, Brendan Fletcher","Thriller Mystery","DVD","A couple moves to an exclusive gated community, and soon finds themselves in a living hell."
"Don't Breathe",2016,"Fede Álvarez","Jane Levy, Dylan Minnette, Daniel Zovatto","Crime Horror Thriller","DVD","Three teens break into the house of a blind man thinking they'll get away with the perfect crime."
"Dracula",1992,"Francis Ford Coppola","Gary Oldman, Winona Ryder, Anthony Hopkins","Drama Horror Romance","DVD","The centuries-old vampire Count Dracula comes to England to seduce his barrister Jonathan Harker's fiancée Mina Murray and inflict havoc in the foreign land."
"Dune",1984,"David Lynch","Kyle MacLachlan, Virginia Madsen, Francesca Annis","Adventure Sci-Fi","DVD","In the year 10191, a spice called melange is the most valuable substance known in the universe."
"Dune Special Edition",1984,"David Lynch","Kyle MacLachlan, Patrick Stewart, Sean Bean","Adventure Sci-Fi","DVD","Extended director's cut of the epic science fiction film about a desert planet and its valuable spice."
"Edward Scissorhands",1990,"Tim Burton","Johnny Depp, Winona Ryder, Dianne Wiest","Drama Fantasy Romance","DVD","An artificial man, who was incompletely constructed and has scissors for hands, leads a solitary life."
"Evil Speak",1981,"Eric Weston","Clint Howard, R.G. Armstrong, Joe Cortese","Horror","DVD","A military cadet who happens to be a social outcast taps into a way to summon demons and cast spells on his tormentors through his computer."
"Exorcist: The Beginning",2004,"Renny Harlin","Stellan Skarsgård, Izabella Scorupco, James D'Arcy","Horror Thriller","DVD","Years before Father Merrin helped save Regan MacNeil's soul, he first encounters the demon Pazuzu in East Africa."
"Fast and Furious Ultimate Ride Collection",2001,"Various","Vin Diesel, Paul Walker, Michelle Rodriguez","Action Crime Thriller","Blu-ray","Collection of Fast and Furious films featuring underground street racing and heists."
"Fate of the Furious",2017,"F. Gary Gray","Vin Diesel, Jason Statham, Dwayne Johnson","Action Crime Thriller","DVD","When a mysterious woman seduces Dom into the world of terrorism and a betrayal of those closest to him, the crew face trials that will test them as never before."
"Fight Club",1999,"David Fincher","Brad Pitt, Edward Norton, Helena Bonham Carter","Drama Thriller","DVD","An insomniac office worker and a devil-may-care soap maker form an underground fight club."
"Final Cut",2004,"Omar Naim","Robin Williams, Mira Sorvino, Jim Caviezel","Drama Sci-Fi Thriller","DVD","Set in a world with memory implants, Alan Hakman is a 'cutter'—someone with the power of final edit over people's recorded histories."
"Final Destination",2000,"James Wong","Devon Sawa, Ali Larter, Kerr Smith","Horror Thriller","DVD","After a teenager has a terrifying vision of him and his friends dying in a plane crash, he prevents the accident only to have Death hunt them down, one by one."
"Final Fantasy: The Spirits Within",2001,"Hironobu Sakaguchi","Ming-Na Wen, Alec Baldwin, Ving Rhames","Animation Action Adventure","DVD","A scientist makes a last stand on Earth with the help of a ragtag team of soldiers against an invasion of alien phantoms."
"Firefly",2002,"Joss Whedon","Nathan Fillion, Gina Torres, Alan Tudyk","Drama Adventure Sci-Fi","DVD","Five hundred years in the future, a renegade crew aboard a small spacecraft tries to survive as they travel the unknown parts of the galaxy."
"Firewall",2006,"Richard Loncraine","Harrison Ford, Paul Bettany, Virginia Madsen","Action Crime Thriller","DVD","A security specialist is forced into robbing the bank that he's protecting, as a bid to pay off his family's ransom."
"Forbidden Planet",1956,"Fred M. Wilcox","Walter Pidgeon, Anne Francis, Leslie Nielsen","Adventure Sci-Fi","DVD","A starship crew goes to investigate the silence of a planet's colony only to find two survivors and a deadly secret that one of them has."
"Frankenstein Theory",2013,"Andrew Weiner","Kris Lemche, Joe Egender, Timothy V. Murphy","Horror Sci-Fi Thriller","DVD","What if the most chilling novel of all time was actually based on a true account of a horrific experiment gone awry?"
"Gothika",2003,"Mathieu Kassovitz","Halle Berry, Robert Downey Jr., Charles S. Dutton","Horror Mystery Thriller","DVD","A psychiatrist awakens as a patient in the mental hospital where she worked, with no memory of the murder she's accused of committing."
"Grudge",2004,"Takashi Shimizu","Sarah Michelle Gellar, Jason Behr, KaDee Strickland","Horror Mystery Thriller","DVD","An American nurse living and working in Tokyo is exposed to a mysterious supernatural curse."
"Hacksaw Ridge",2016,"Mel Gibson","Andrew Garfield, Sam Worthington, Luke Bracey","Biography Drama History","Blu-ray","World War II American Army Medic Desmond T. Doss, who served during the Battle of Okinawa, refuses to kill people and becomes the first Conscientious Objector to win the Medal of Honor."
"Harry Potter 8 Film Collection",2001,"Various","Daniel Radcliffe, Emma Watson, Rupert Grint","Adventure Family Fantasy","DVD","Complete collection of all eight Harry Potter films following the young wizard's journey."
"Harry Potter 8 Film Collection",2001,"Various","Daniel Radcliffe, Emma Watson, Rupert Grint","Adventure Family Fantasy","Blu-ray","Complete collection of all eight Harry Potter films following the young wizard's journey."
"Hobbit: The Battle of the Five Armies",2014,"Peter Jackson","Ian McKellen, Martin Freeman, Richard Armitage","Adventure Fantasy","Blu-ray","Bilbo and company are forced to engage in a war against an array of combatants."
"Ice Pirates",1984,"Stewart Raffill","Robert Urich, Mary Crosby, Michael D. Roberts","Action Adventure Comedy","DVD","In a distant future scarce of water, space pirates get caught after stealing ice from a spaceship."
"In Dreams",1999,"Neil Jordan","Annette Bening, Aidan Quinn, Stephen Rea","Drama Horror Mystery","DVD","A New England mother is tormented by visions that seem to predict serial killings."
"Insidious Chapter 2",2013,"James Wan","Patrick Wilson, Rose Byrne, Ty Simpkins","Horror Mystery Thriller","DVD","The Lambert family continues to face supernatural threats as they uncover the truth behind their haunting."
"Jacket",2005,"John Maybury","Adrien Brody, Keira Knightley, Kris Kristofferson","Drama Fantasy Mystery","DVD","A Gulf war veteran is wrongly sent to a mental institution for insane criminals."
"Kill Bill: Volume 1",2003,"Quentin Tarantino","Uma Thurman, Lucy Liu, Vivica A. Fox","Action Crime Thriller","DVD","After awakening from a four-year coma, a former assassin wreaks vengeance on the team of assassins who betrayed her."
"Kill Bill: Volume 2",2004,"Quentin Tarantino","Uma Thurman, David Carradine, Michael Madsen","Action Crime Thriller","DVD","The Bride continues her quest of vengeance against her former boss and lover Bill."
"Lady in the Water",2006,"M. Night Shyamalan","Paul Giamatti, Bryce Dallas Howard, Jeffrey Wright","Drama Fantasy Mystery","DVD","Apartment building superintendent Cleveland Heep rescues what he thinks is a young woman from the pool."
"Land of the Dead",2005,"George A. Romero","Simon Baker, John Leguizamo, Dennis Hopper","Horror Sci-Fi Thriller","DVD","The living dead have taken over the world, and the last humans live in a walled city to protect themselves."
"Last House on the Left",2009,"Dennis Iliadis","Garret Dillahunt, Monica Potter, Tony Goldwyn","Horror Thriller","DVD","After kidnapping and brutally assaulting two young women, a gang inadvertently finds refuge at a vacation home belonging to the parents of one of the victims."
"Last Sin Eater",2007,"Michael Landon Jr.","Louise Fletcher, Henry Thomas, Liana Liberato","Drama","DVD","In Appalachia, a young girl struggles with a family secret and seeks redemption through an ancient ritual."
"Last Starfighter",1984,"Nick Castle","Lance Guest, Dan O'Herlihy, Catherine Mary Stewart","Action Adventure Family","DVD","A video game expert Alex Rogan finds himself transported to another planet after conquering The Last Starfighter video game."
"Lord of the Rings 3 Film Collection",2001,"Peter Jackson","Elijah Wood, Ian McKellen, Orlando Bloom","Adventure Drama Fantasy","Blu-ray","A meek Hobbit from the Shire and eight companions set out on a journey to destroy the powerful One Ring and save Middle-earth from the Dark Lord Sauron."
"Lost in Space",1998,"Stephen Hopkins","Gary Oldman, William Hurt, Matt LeBlanc","Action Adventure Family","DVD","The Robinson family was going into space to fight for a chance for humanity."
"Lovely Bones",2009,"Peter Jackson","Saoirse Ronan, Mark Wahlberg, Rachel Weisz","Drama Fantasy Thriller","DVD","A young girl who has been murdered watches over her family - and her killer - from purgatory."
"Magic Mike",2012,"Steven Soderbergh","Channing Tatum, Alex Pettyfer, Olivia Munn","Comedy Drama","DVD","A male stripper teaches a younger performer how to party, pick up women, and make easy money."
"Maximum Action 4 Movie Collection",1993,"Various","Jean-Claude Van Damme, Dolph Lundgren, Arnold Schwarzenegger","Action","DVD","Collection including Universal Soldier: The Return, The Russian Specialist, Into the Sun, Last Action Hero."
"Mimic",1997,"Guillermo del Toro","Mira Sorvino, Jeremy Northam, Josh Brolin","Horror Sci-Fi Thriller","DVD","Three years ago, entomologist Dr. Susan Tyler genetically created an insect to kill cockroaches carrying a virulent disease."
"Mothman Prophecies",2002,"Mark Pellington","Richard Gere, Laura Linney, David Eigenberg","Drama Horror Mystery","DVD","A reporter is drawn to a small West Virginia town to investigate a series of strange events."
"Moulin Rouge",2001,"Baz Luhrmann","Nicole Kidman, Ewan McGregor, John Leguizamo","Drama Musical Romance","DVD","A poor Bohemian poet in 1890s Paris falls for a beautiful courtesan and nightclub star coveted by a jealous duke."
"Mummy Returns",2001,"Stephen Sommers","Brendan Fraser, Rachel Weisz, John Hannah","Action Adventure Fantasy","DVD","The mummified body of Imhotep is shipped to a museum in London, where he once again wakes and begins his campaign of rage and terror."
"Mutant Chronicles",2008,"Simon Hunter","Thomas Jane, Ron Perlman, John Malkovich","Action Horror Sci-Fi","DVD","Set in the 28th century, four rival corporations are in constant war. An ancient machine is reactivated, creating undead mutants."
"Neighbors",2014,"Nicholas Stoller","Seth Rogen, Zac Efron, Rose Byrne","Comedy","Blu-ray","After they are forced to live next to a fraternity house, a couple with a newborn baby do whatever they can to take them down."
"Ninth Gate",1999,"Roman Polanski","Johnny Depp, Frank Langella, Lena Olin","Horror Mystery Thriller","DVD","A rare book dealer is hired to locate the last remaining copies of a demonic manuscript that can summon the devil."
"Office Space",1999,"Mike Judge","Ron Livingston, Jennifer Aniston, David Herman","Comedy","DVD","Three company workers who hate their jobs decide to rebel against their greedy boss."
"Omen",1976,"Richard Donner","Gregory Peck, Lee Remick, David Warner","Horror Mystery Thriller","DVD","Mysterious deaths surround an American ambassador. Could the child that he is raising actually be the Antichrist?"
"Orphan",2009,"Jaume Collet-Serra","Vera Farmiga, Peter Sarsgaard, Isabelle Fuhrman","Horror Mystery Thriller","DVD","A husband and wife who recently lost their baby adopt a 9-year-old girl who is not nearly as innocent as she appears."
"Pacific",2010,"Various","James Badge Dale, Joseph Mazzello, Jon Seda","Drama War","DVD","The Pacific Theatre of World War II, as seen through the eyes of several young Marines."
"Pan's Labyrinth",2006,"Guillermo del Toro","Ivana Baquero, Ariadna Gil, Sergi López","Drama Fantasy War","DVD","In the Falangist Spain of 1944, the bookish young stepdaughter of a sadistic army officer escapes into an eerie but captivating fantasy world."
"Planet Terror",2007,"Robert Rodriguez","Rose McGowan, Freddy Rodriguez, Josh Brolin","Action Horror Thriller","DVD","After an experimental bio-nerve gas is accidentally released at a remote U.S. military base in Texas, those exposed to the gas turn into flesh-eating zombies."
"Poltergeist",1982,"Tobe Hooper","JoBeth Williams, Heather O'Rourke, Craig T. Nelson","Horror Thriller","DVD","A family's home becomes the center of paranormal activity."
"Prodigy",2019,"Nicholas McCarthy","Taylor Schilling, Jackson Robert Scott, Peter Mooney","Horror Thriller","DVD","A mother concerned about her young son's disturbing behavior thinks something supernatural may be affecting him."
"Purge 3 Movie Collection",2013,"James DeMonaco","Ethan Hawke, Lena Headey, Frank Grillo","Action Horror Thriller","DVD","Collection including The Purge films set in a dystopian America where all crime is legal for 12 hours once a year."
"Quarantine",2008,"John Erick Dowdle","Jennifer Carpenter, Steve Harris, Columbus Short","Horror Thriller","DVD","A television reporter and her cameraman are trapped inside a building quarantined by the CDC."
"Quiet Place",2018,"John Krasinski","Emily Blunt, John Krasinski, Millicent Simmonds","Drama Horror Sci-Fi","Blu-ray","A family lives in silence while hiding from creatures that hunt by sound."
"Red Dragon",2002,"Brett Ratner","Anthony Hopkins, Edward Norton, Ralph Fiennes","Crime Drama Thriller","DVD","A retired FBI agent with psychological gifts is assigned to help track down The Tooth Fairy, a mysterious serial killer."
"Requiem for a Dream",2000,"Darren Aronofsky","Ellen Burstyn, Jared Leto, Jennifer Connelly","Drama","DVD","The drug-induced utopias of four Coney Island people are shattered when their addictions run deep."
"Riddick Trilogy",2000,"Various","Vin Diesel, Radha Mitchell, Cole Hauser","Action Sci-Fi Thriller","DVD","The franchise collection following the adventures of Richard B. Riddick, a dangerous escaped convict."
"Ring Two",2005,"Hideo Nakata","Naomi Watts, Simon Baker, David Dorfman","Horror Mystery Thriller","DVD","6 months after the incidents involving the lethal videotape, new clues prove that there is a new evil lurking in the darkness."
"Rings",2017,"F. Javier Gutiérrez","Matilda Anna Ingrid Lutz, Alex Roe, Johnny Galecki","Horror Mystery Thriller","DVD","A young woman finds herself on the receiving end of a terrifying curse that threatens to take her life in 7 days."
"Salem Witch Trials",2002,"Joseph Sargent","Kirstie Alley, Henry Czerny, Gloria Reuben","Drama History","Blu-ray","A masterful work accurately details the 1692 Salem witch trials."
"Sands of Oblivion",2007,"David Flores","Morena Baccarin, Adam Baldwin, Victor Webster","Action Adventure Fantasy","DVD","In 1923, legendary film director Cecil B. DeMille finished the epic film The Ten Commandments."
"Saw 2",2005,"Darren Lynn Bousman","Donnie Wahlberg, Beverley Mitchell, Franky G","Horror Mystery","DVD","A detective and his team must rescue eight people trapped in a factory by the twisted serial killer known as Jigsaw."
"Saw IV",2007,"Darren Lynn Bousman","Tobin Bell, Costas Mandylor, Scott Patterson","Horror Mystery","DVD","Despite Jigsaw's death, and in order to save the lives of two of his colleagues, Lieutenant Rigg is forced to take part in a new game."
"Secret Window",2004,"David Koepp","Johnny Depp, John Turturro, Maria Bello","Drama Mystery Thriller","DVD","A successful writer in the midst of a painful divorce is stalked at his remote lake house."
"Serenity",2005,"Joss Whedon","Nathan Fillion, Gina Torres, Alan Tudyk","Action Adventure Sci-Fi","DVD","The crew of the ship Serenity try to evade an assassin sent to recapture one of their members who is telepathic."
"Sherlock Holmes 2 Movie Collection",2009,"Guy Ritchie","Robert Downey Jr., Jude Law, Rachel McAdams","Action Adventure Mystery","DVD","Two-movie collection featuring Sherlock Holmes films following the detective and Dr. Watson."
"Signs",2002,"M. Night Shyamalan","Mel Gibson, Joaquin Phoenix, Rory Culkin","Drama Mystery Sci-Fi","DVD","A former priest's faith is put to the test when signs of an alien invasion appear around his farm."
"Silent Hill",2006,"Christophe Gans","Radha Mitchell, Sean Bean, Laurie Holden","Horror Mystery","DVD","A woman goes in search of her daughter within the confines of a strange, desolate town called Silent Hill."
"Sinister 2",2015,"Ciaran Foy","James Ransone, Shannyn Sossamon, Robert Daniel Sloan","Horror Mystery Thriller","DVD","A young mother and her twin sons move into a rural house that's marked for death."
"Sixth Sense",1999,"M. Night Shyamalan","Bruce Willis, Haley Joel Osment, Toni Collette","Drama Mystery Thriller","DVD","A boy who communicates with spirits seeks the help of a disheartened child psychologist."
"Solace",2015,"Afonso Poyart","Anthony Hopkins, Jeffrey Dean Morgan, Abbie Cornish","Crime Drama Mystery","DVD","Psychic investigator John Clancy works with the FBI to hunt down a serial killer."
"South Park: The Complete First Season",1997,"Trey Parker","Trey Parker, Matt Stone, Mary Kay Bergman","Animation Comedy","DVD","The first season of the animated comedy series following the adventures of four boys in Colorado."
"South Park: The Complete Second Season",1998,"Trey Parker","Trey Parker, Matt Stone, Mary Kay Bergman","Animation Comedy","DVD","The second season of the animated comedy series following the adventures of four boys in Colorado."
"Star Trek Enterprise Season 1",2001,"Various","Scott Bakula, John Billingsley, Jolene Blalock","Adventure Drama Sci-Fi","DVD","A century before Captain Kirk's five-year mission, Jonathan Archer captains the United Earth ship Enterprise."
"Stargate",1994,"Roland Emmerich","Kurt Russell, James Spader, Jaye Davidson","Action Adventure Sci-Fi","DVD","An interstellar teleportation device, found in Egypt, leads to a planet with humans resembling ancient Egyptians who worship the god Ra."
"Stargate SG-1 Season 1",1997,"Various","Richard Dean Anderson, Michael Shanks, Amanda Tapping","Adventure Drama Sci-Fi","DVD","A secret military team, SG-1, is formed to explore other planets through the recently discovered Stargates."
"Studio 666",2022,"BJ McDonnell","Dave Grohl, Taylor Hawkins, Nate Mendel","Comedy Horror","DVD","Legendary rock band Foo Fighters move into an Encino mansion steeped in grisly rock and roll history to record their much anticipated 10th album."
"Sucker Punch",2011,"Zack Snyder","Emily Browning, Vanessa Hudgens, Abbie Cornish","Action Fantasy Thriller","DVD","A young girl institutionalized by her abusive stepfather retreats to an alternative reality as a coping strategy and envisions a plan to help her escape."
"Sucker Punch",2011,"Zack Snyder","Emily Browning, Vanessa Hudgens, Abbie Cornish","Action Fantasy Thriller","Blu-ray","Extended edition of the film about a young girl who retreats to an alternative reality as a coping strategy and envisions a plan to help her escape."
"Trespass",2011,"Joel Schumacher","Nicolas Cage, Nicole Kidman, Ben Mendelsohn","Crime Drama Thriller","DVD","A wealthy businessman and his family are held hostage in their home by a gang of criminals seeking diamonds that may or may not exist."
"Underworld Legacy Collection",2003,"Various","Kate Beckinsale, Scott Speedman, Michael Sheen","Action Fantasy Horror","Blu-ray","Collection of Underworld films about the centuries-old feud between vampires and lycans."
"Usual Suspects",1995,"Bryan Singer","Kevin Spacey, Gabriel Byrne, Chazz Palminteri","Crime Mystery Thriller","DVD","A sole survivor tells of the twisty events leading up to a horrific gun battle on a boat, which began when five criminals met at a seemingly random police lineup."
"Village",2004,"M. Night Shyamalan","Joaquin Phoenix, Adrien Brody, Bryce Dallas Howard","Drama Mystery Thriller","DVD","A series of events tests the beliefs of a small isolated countryside village."
"Virus",1999,"John Bruno","Jamie Lee Curtis, William Baldwin, Donald Sutherland","Action Horror Sci-Fi","DVD","After outrunning a typhoon at sea, a strong-willed tugboat navigator and her crew discover a high-tech alien life form."
"Walk the Line",2005,"James Mangold","Joaquin Phoenix, Reese Witherspoon, Ginnifer Goodwin","Biography Drama Music","DVD","A chronicle of country music legend Johnny Cash's life, from his early days on an Arkansas cotton farm to his rise to fame with Sun Records in Memphis."
"Wicker Tree",2011,"Robin Hardy","Graham McTavish, Jacqueline Leonard, Christopher Lee","Horror Mystery","DVD","Young Christians Beth and Steve, a gospel singer and her cowboy boyfriend, leave Texas to preach door-to-door in Scotland."
"Zodiac",2007,"David Fincher","Jake Gyllenhaal, Mark Ruffalo, Anthony Edwards","Crime Drama Mystery","DVD","In the late 1960s/early 1970s, a San Francisco cartoonist becomes an amateur detective obsessed with tracking down the Zodiac Killer."
"The Blob",1988,"Chuck Russell","Kevin Dillon, Shawnee Smith, Donovan Leitch, Jeffrey DeMunn, Candy Clark, Joe Seneca","Horror Sci-Fi Thriller","VHS","A deadly acidic organism from space crashes near a small town and begins consuming everyone in its path, growing larger as it devours its victims."
"Gremlins",1984,"Joe Dante","Zach Galligan, Phoebe Cates, Hoyt Axton, Frances Lee McCain, Polly Holliday, Corey Feldman","Comedy Fantasy Horror","DVD","A young man receives a strange creature as a Christmas gift and inadvertently breaks three important rules, unleashing a horde of malevolent monsters on his small town."
"The Hexecutioners",2015,"Jesse Thomas Cook","Liv Collins, Sarah Power, Timothy Burd, Ari Millen, Barry Flatman, Walter Borden","Horror","DVD","Two young women working for a euthanasia company are dispatched to a remote estate to perform an assisted suicide ritual, but unwittingly summon the wraiths of a death cult."
"It Came from Outer Space",1953,"Jack Arnold","Richard Carlson, Barbara Rush, Charles Drake, Joe Sawyer, Russell Johnson, Kathleen Hughes","Horror Sci-Fi","DVD","A spaceship from another world crashes in the Arizona desert and only an amateur stargazer and a schoolteacher suspect alien influence when the local townsfolk begin to act strangely."
"It Waits",2005,"Steven R. Monroe","Cerina Vincent, Dominic Zamprogna, Greg Kean, Eric Schweig, Miranda Frigon, Tinsel Korey","Horror","DVD","A lone female park ranger tries to track down a vicious creature killing various people and terrorizing her at a remote national park."
"Pulp Fiction",1994,"Quentin Tarantino","John Travolta, Samuel L. Jackson, Uma Thurman, Bruce Willis, Tim Roth, Ving Rhames","Crime Drama","DVD","The lives of two mob hitmen, a boxer, a gangster and his wife, and a pair of diner bandits intertwine in four tales of violence and redemption told in non-linear fashion."
"The Rite",2011,"Mikael Håfström","Anthony Hopkins, Colin O'Donoghue, Alice Braga, Ciarán Hinds, Toby Jones, Rutger Hauer","Drama Horror Mystery","DVD","A seminary student filled with doubt attends a Vatican school of exorcism and becomes the apprentice of a veteran exorcist who introduces him to the darker side of faith."
"Robert the Doll Double Feature",2015,"Andrew Jones","Suzie Frances Garton, Lee Bane, Flynn Allen, Judith Haley, Nigel Barber, Chris Bell","Horror","DVD","Double feature containing Robert (2015) and The Curse of Robert the Doll (2016) - a family experiences terrifying supernatural occurrences when their son acquires a vintage doll, followed by a museum student confronting the cursed doll."
"Rose Red",2002,"Craig R. Baxley","Nancy Travis, Matt Keeslar, Kimberly J. Brown, David Dukes, Julian Sands, Melanie Lynskey","Horror Mystery Thriller","DVD","A psychology professor leads a team of psychics to investigate a reputedly haunted Seattle mansion where 23 people have disappeared or died, unleashing terrifying supernatural forces."
"Thirteen Ghosts",2001,"Steve Beck","Tony Shalhoub, Embeth Davidtz, Matthew Lillard, Shannon Elizabeth, F. Murray Abraham, Alec Roberts","Fantasy Horror","DVD","A family inherits a spectacular glass house from an eccentric uncle, only to find themselves trapped with twelve violent ghosts in a machine designed to open the Eye of Hell."
"The Tingler",1959,"William Castle","Vincent Price, Judith Evelyn, Darryl Hickman, Patricia Cutts, Pamela Lincoln, Philip Coolidge","Horror Sci-Fi","DVD","An obsessed pathologist discovers and captures a parasitic creature that grows when fear grips its host, attached to the human spine and only weakened by screaming."
"Alien",1979,"Ridley Scott","Sigourney Weaver, Tom Skerritt, John Hurt, Veronica Cartwright, Harry Dean Stanton, Ian Holm, Yaphet Kotto","Horror Sci-Fi Thriller","DVD","The crew of a commercial space tug encounters a deadly alien creature that hunts them one by one aboard their ship."
"American Horror Story: The Complete First Season",2011,"Ryan Murphy, Brad Falchuk","Connie Britton, Dylan McDermott, Evan Peters, Taissa Farmiga, Jessica Lange, Denis O'Hare","Drama Horror","DVD","The Harmon family moves to a restored mansion in Los Angeles, unaware that the ghosts of its former residents and their victims haunt the house in this anthology series' first season."
"American Horror Story: The Complete Second Season",2012,"Ryan Murphy, Brad Falchuk","Jessica Lange, Zachary Quinto, Joseph Fiennes, Sarah Paulson, Evan Peters, Lily Rabe, Lizzie Brocheré, Dylan McDermott, James Cromwell","Drama Horror","DVD","Set in 1964, the season follows the stories of staff and inmates at the fictional Briarcliff Manor mental institution, intercutting with events in past and present as they face supernatural and human horrors."
"American Horror Story: The Complete Third Season",2013,"Ryan Murphy, Brad Falchuk","Jessica Lange, Kathy Bates, Angela Bassett, Sarah Paulson, Frances Conroy, Taissa Farmiga, Emma Roberts, Lily Rabe, Evan Peters, Denis O'Hare, Gabourey Sidibe","Drama Horror","DVD","Set in 2013 New Orleans, the season follows a coven of witches descended from Salem as they fight for survival at Miss Robichaux's Academy, featuring flashbacks to various time periods including the Salem witch trials."
"The Cat o' Nine Tails",1971,"Dario Argento","Karl Malden, James Franciscus, Catherine Spaak, Pier Paolo Capponi, Horst Frank, Rada Rassimov","Horror Mystery Thriller","DVD","A blind former reporter and a journalist team up to investigate a series of murders connected to a genetic research facility, following nine different clues in their deadly pursuit."
"Decoys",2004,"Matt Hastings","Corey Sevier, Stefanie von Pfetten, Kim Poirier, Elias Toufexis, Meghan Ory, Nicole Eggert","Horror Sci-Fi","DVD","College student Luke discovers that beautiful new female students on campus are actually murderous aliens who kill every guy they have sex with, and he must convince others before it's too late."
"Don't Say a Word",2001,"Gary Fleder","Michael Douglas, Sean Bean, Brittany Murphy, Skye McCole Bartusiak, Famke Janssen, Jennifer Esposito, Guy Torry, Oliver Platt","Drama Mystery Thriller","DVD","When a psychiatrist's daughter is kidnapped, he must extract a six-digit number from the memory of a traumatized psychiatric patient to save her life within a deadly time limit."
"H.P. Lovecraft's Cool Air",2006,"Albert Pyun","Morgan Weisser, Wendy Phillips, Crystal Green, Jenny Dare Paulin, Norbert Weisser","Horror Thriller","DVD","A struggling screenwriter suffers a heart attack and is saved by his mysterious upstairs neighbor, a doctor who introduces him to a nightmarish world of insane experiments."
"Phantasm",1979,"Don Coscarelli","A. Michael Baldwin, Bill Thornbury, Reggie Bannister, Kathy Lester, Angus Scrimm","Horror Sci-Fi","DVD","A teenage boy and his friends face off against a mysterious grave robber known as the Tall Man, who employs a lethal arsenal of unearthly weapons and dwarf minions."
"Rollerball",1975,"Norman Jewison","James Caan, John Houseman, Maud Adams, John Beck, Moses Gunn, Ralph Richardson","Action Sci-Fi Sport","DVD","In a corporate-controlled future, an ultra-violent sport represents the world, and one of its powerful athletes defies those who want him out of the game."
"Shutter Island",2010,"Martin Scorsese","Leonardo DiCaprio, Mark Ruffalo, Ben Kingsley, Max von Sydow, Michelle Williams, Emily Mortimer","Drama Mystery Thriller","DVD","A U.S. Marshal investigates the disappearance of a patient from a psychiatric facility on a remote island, but his efforts are compromised by troubling visions and a mysterious conspiracy."
"A Quiet Place","2018","John Krasinski","Emily Blunt, John Krasinski, Millicent Simmonds, Noah Jupe","Horror","DVD","In a post-apocalyptic world, a family must live in complete silence to avoid detection by alien creatures that hunt by sound. The family communicates through sign language and must take extreme precautions to survive while protecting their children, including a deaf daughter and a young son."
"Insidious","2010","James Wan","Patrick Wilson, Rose Byrne, Lin Shaye, Ty Simpkins, Barbara Hershey","Horror","DVD","A family looks to prevent evil spirits from trapping their comatose child in a realm called The Further. When their son inexplicably enters a comatose state and begins to attract malevolent entities, his parents seek help from a psychic to save him before he becomes lost forever."
"The Dark Tower","2017","Nikolaj Arcel","Idris Elba, Matthew McConaughey, Tom Taylor, Kathryn Winnick, Abbey Lee","Action","DVD","A boy haunted by visions of a dark tower from a parallel reality teams up with the tower's disillusioned guardian to stop an evil warlock known as the Man in Black who plans to use the boy to destroy the tower and open the gates of Hell. Based on Stephen King's novel series, the film follows gunslinger Roland Deschain and young Jake Chambers as they battle to save the Dark Tower, a mystical structure that supports all realities."
"IT","1990","Tommy Lee Wallace","Richard Thomas, Tim Curry, Annette O'Toole, Harry Anderson, Dennis Christopher","Horror","DVD","A group of outcast kids known as The Losers Club fight an evil demon who poses as a child-killing clown in 1960s Maine. Thirty years later, they reunite to stop the demon once and for all when it returns to their hometown."
"Midnite Movies Double Feature: The Land That Time Forgot/The People That Time Forgot","2001","Kevin Connor","Doug McClure, John McEnery, Susan Penhaligon, Patrick Wayne, Sarah Douglas","Adventure","DVD","Two Edgar Rice Burroughs adaptations featuring explorer Doug McClure discovering prehistoric worlds. In the first film, a WWI submarine crew discovers a lost island of dinosaurs; in the sequel, a rescue mission returns to the mysterious land of Caprona."
"My Neighbor Totoro","1988","Hayao Miyazaki","Dakota Fanning, Elle Fanning, Tim Daly, Lea Salonga, Frank Welker","Animation","DVD","When two girls move to the country to be near their ailing mother, they have adventures with the wondrous forest spirits who live nearby. The younger sister befriends a giant, gentle creature called Totoro who helps the children navigate their new life and cope with their mother's illness."
"The Chronicles of Riddick: Dark Fury","2004","Peter Chung","Vin Diesel, Rhiana Griffith, Keith David, Nick Chinlund, Roger L. Jackson","Animation","DVD","Bridging the gap between Pitch Black and The Chronicles of Riddick, this animated feature follows Riddick and his companions Jack and Imam as they're captured by a bounty hunter ship. They must face the sadistic Captain Chillingsworth who collects criminals as living art pieces. Riddick must use his skills to survive and escape this deadly collection."
"The Addams Family/Addams Family Values Double Feature","1991/1993","Barry Sonnenfeld","Anjelica Huston, Raul Julia, Christopher Lloyd, Christina Ricci, Joan Cusack","Comedy","DVD","A double feature collection containing both Addams Family films. In the first film, a con artist claiming to be Uncle Fester infiltrates the macabre Addams household. In the sequel, the Addams children are sent to summer camp while a new nanny plots to marry and murder Uncle Fester for his fortune."
"The Maltese Falcon","1941","John Huston","Humphrey Bogart, Mary Astor, Peter Lorre, Sydney Greenstreet","Film Noir","DVD","A private detective takes on a case that involves him with three eccentric criminals, a gorgeous liar, and their quest for a priceless statuette. Sam Spade gets caught up in a dangerous web of crime and deception after his partner is murdered while investigating a case involving the mysterious black bird."
"Hollow Man","2000","Paul Verhoeven","Kevin Bacon, Elisabeth Shue, Josh Brolin, Kim Dickens, Greg Grunberg","Sci-Fi","DVD","A brilliant scientist successfully turns himself invisible but the process slowly drives him insane and megalomaniacal. As his colleagues attempt to reverse the experiment, he becomes increasingly violent and turns against them. The team must fight for survival against an enemy they cannot see."
"I Know Who Killed Me","2007","Chris Sivertson","Lindsay Lohan, Julia Ormond, Neal McDonough, Brian Geraghty, Spencer Garrett","Thriller","DVD","A young woman who was abducted and tortured claims to be a different person when she is found. She insists she is not the missing student Aubrey Fleming but rather a stripper named Dakota Moss, leading to a complex psychological mystery about identity and dark secrets."
"The Rocky Horror Picture Show","1975","Jim Sharman","Tim Curry, Susan Sarandon, Barry Bostwick, Richard O'Brien, Patricia Quinn","Musical","DVD","A newly engaged couple's car breaks down in a storm, leading them to seek help at a nearby castle inhabited by the eccentric Dr. Frank-N-Furter and his peculiar servants. They become entangled in Frank-N-Furter's wild scheme to create the perfect man while experiencing a night of music, dance, and sexual liberation."
"Alone in the Dark","2005","Uwe Boll","Christian Slater, Tara Reid, Stephen Dorff","Horror","DVD","A detective of the paranormal slowly unravels mysterious events with deadly results. As he investigates, he teams up with his ex-girlfriend to battle an ancient race of beings attempting to break through to our world."
"Hannibal Rising","2007","Peter Webber","Gaspard Ulliel, Gong Li, Dominic West, Rhys Ifans, Richard Brake","Thriller","DVD","After witnessing the violent death of his parents and sister during World War II, young Hannibal Lecter escapes to his uncle's home in France. Years later, he seeks revenge against those responsible for his family's deaths, beginning his transformation into the infamous cannibalistic killer."
"Stay","2005","Marc Forster","Ewan McGregor, Naomi Watts, Ryan Gosling, Bob Hoskins, Janeane Garofalo","Drama","DVD","A psychiatrist attempts to prevent one of his patients from committing suicide while trying to maintain his own grip on reality. As he becomes more involved with the troubled young man, the boundaries between fantasy and reality begin to blur in unexpected ways."
"Charlie Bartlett","2007","Jon Poll","Anton Yelchin, Robert Downey Jr., Hope Davis, Kat Dennings, Tyler Hilton","Comedy","DVD","A rich kid becomes the self-appointed psychiatrist to the student body of his new public high school. Charlie dispenses advice and prescription drugs to fellow students from a bathroom stall, becoming one of the most popular kids in school while attracting the attention of the principal and his daughter."
"My Son, My Son, What Have Ye Done","2009","Werner Herzog","Michael Shannon, Willem Dafoe, Chloë Sevigny, Udo Kier, Grace Zabriskie","Drama","DVD","Inspired by a true crime, the film follows the investigation of a man who killed his mother with a sword after becoming obsessed with a Greek tragedy he was performing in. Detectives piece together the suspect's unraveling mental state through flashbacks and witness accounts."
"Mirrors","2008","Alexandre Aja","Kiefer Sutherland, Paula Patton, Cameron Boyce, Amy Smart","Horror","DVD","An ex-cop and his family are the target of an evil force that is using mirrors as a gateway into their home. After being suspended from the NYPD, Ben Carson takes a job as a night security guard at a burned-out department store, where he begins to see disturbing images in the mirrors."
"Fracture","2007","Gregory Hoblit","Anthony Hopkins, Ryan Gosling, David Strathairn, Rosamund Pike, Embeth Davidtz","Thriller","DVD","A wealthy engineer shoots his wife and engages in a battle of wits with a young assistant district attorney. Despite seeming like an open-and-shut case, the prosecutor discovers the defendant has manipulated the evidence, turning the trial into a complex psychological chess match."
"Ghost","1990","Jerry Zucker","Patrick Swayze, Demi Moore, Whoopi Goldberg, Tony Goldwyn","Fantasy","DVD","After a young man is murdered, his spirit stays behind to warn his lover of impending danger, with the help of a reluctant psychic. He must save her from the man who killed him while learning to harness his ghostly powers."
"The Nun","2018","Corin Hardy","Demián Bichir, Taissa Farmiga, Jonas Bloquet, Bonnie Aarons, Ingrid Bisu","Horror","Blu-ray","A priest with a haunted past and a novice on the threshold of her final vows are sent by the Vatican to investigate the death of a young nun in Romania and confront a malevolent force in the form of a demonic nun. As they uncover the abbey's unholy secret, they risk their lives, their faith, and their very souls."
"Constantine","2005","Francis Lawrence","Keanu Reeves, Rachel Weisz, Shia LaBeouf, Tilda Swinton, Pruitt Taylor Vince","Fantasy","DVD","Supernatural detective John Constantine helps a policewoman prove her sister's death was not a suicide, but something more. Constantine has the ability to see half-angels and half-demons in their true forms, walking the earth disguised as humans. As he investigates, he uncovers a plot involving the balance between Heaven and Hell."
"Resident Evil: Afterlife","2010","Paul W.S. Anderson","Milla Jovovich, Ali Larter, Wentworth Miller, Shawn Roberts, Boris Kodjoe","Action","DVD","While still out to destroy the evil Umbrella Corporation, Alice joins a group of survivors living in a prison surrounded by the infected who also want to relocate to the mysterious but supposedly unharmed safe haven known only as Arcadia. After freeing another group of survivors from a trap set by Umbrella, Alice continues her fight against the corporation and the undead."
"Resident Evil: Extinction","2007","Russell Mulcahy","Milla Jovovich, Oded Fehr, Ali Larter, Iain Glen, Ashanti","Action","DVD","Years after the Umbrella Corporation's T-virus has spread across the globe, turning most of humanity into zombies, Alice continues her fight against the corporation while helping a convoy of survivors reach Alaska. The convoy, led by Claire Redfield, struggles to find safety in a world overrun by the undead while Umbrella's Dr. Isaacs hunts Alice for her unique blood."
"The Last Man on Earth","1964","Ubaldo Ragona, Sidney Salkow","Vincent Price, Franca Bettoia, Emma Danieli, Giacomo Rossi Stuart","Horror","DVD","Dr. Robert Morgan is the sole survivor of a plague that has transformed humanity into vampire-like creatures. By day he hunts and destroys the infected while they sleep, and by night he barricades himself in his home as they attempt to break in. His lonely existence is disrupted when he encounters a woman who may be infected but shows signs of immunity."